{
    "name": "root",
    "gauges": {
        "EnemyAgent.Policy.Entropy.mean": {
            "value": 0.6941247582435608,
            "min": 0.6941247582435608,
            "max": 0.6941247582435608,
            "count": 1
        },
        "EnemyAgent.Policy.Entropy.sum": {
            "value": 156549.421875,
            "min": 156549.421875,
            "max": 156549.421875,
            "count": 1
        },
        "EnemyAgent.Environment.EpisodeLength.mean": {
            "value": 13.093295007186153,
            "min": 13.093295007186153,
            "max": 13.093295007186153,
            "count": 1
        },
        "EnemyAgent.Environment.EpisodeLength.sum": {
            "value": 209532.0,
            "min": 209532.0,
            "max": 209532.0,
            "count": 1
        },
        "EnemyAgent.Step.mean": {
            "value": 14999991.0,
            "min": 14999991.0,
            "max": 14999991.0,
            "count": 1
        },
        "EnemyAgent.Step.sum": {
            "value": 14999991.0,
            "min": 14999991.0,
            "max": 14999991.0,
            "count": 1
        },
        "EnemyAgent.Policy.ExtrinsicValueEstimate.mean": {
            "value": 1.043492078781128,
            "min": 1.043492078781128,
            "max": 1.043492078781128,
            "count": 1
        },
        "EnemyAgent.Policy.ExtrinsicValueEstimate.sum": {
            "value": 16697.9609375,
            "min": 16697.9609375,
            "max": 16697.9609375,
            "count": 1
        },
        "EnemyAgent.Environment.CumulativeReward.mean": {
            "value": 1.9534121305905139,
            "min": 1.9534121305905139,
            "max": 1.9534121305905139,
            "count": 1
        },
        "EnemyAgent.Environment.CumulativeReward.sum": {
            "value": 31258.500913709402,
            "min": 31258.500913709402,
            "max": 31258.500913709402,
            "count": 1
        },
        "EnemyAgent.Policy.ExtrinsicReward.mean": {
            "value": 1.9534121305905139,
            "min": 1.9534121305905139,
            "max": 1.9534121305905139,
            "count": 1
        },
        "EnemyAgent.Policy.ExtrinsicReward.sum": {
            "value": 31258.500913709402,
            "min": 31258.500913709402,
            "max": 31258.500913709402,
            "count": 1
        },
        "EnemyAgent.Losses.PolicyLoss.mean": {
            "value": 0.046994768707380744,
            "min": 0.046994768707380744,
            "max": 0.046994768707380744,
            "count": 1
        },
        "EnemyAgent.Losses.PolicyLoss.sum": {
            "value": 4.088544877542125,
            "min": 4.088544877542125,
            "max": 4.088544877542125,
            "count": 1
        },
        "EnemyAgent.Losses.ValueLoss.mean": {
            "value": 0.2412791852404674,
            "min": 0.2412791852404674,
            "max": 0.2412791852404674,
            "count": 1
        },
        "EnemyAgent.Losses.ValueLoss.sum": {
            "value": 20.991289115920665,
            "min": 20.991289115920665,
            "max": 20.991289115920665,
            "count": 1
        },
        "EnemyAgent.Policy.LearningRate.mean": {
            "value": 2.2470944234154e-06,
            "min": 2.2470944234154e-06,
            "max": 2.2470944234154e-06,
            "count": 1
        },
        "EnemyAgent.Policy.LearningRate.sum": {
            "value": 0.00019549721483713982,
            "min": 0.00019549721483713982,
            "max": 0.00019549721483713982,
            "count": 1
        },
        "EnemyAgent.Policy.Epsilon.mean": {
            "value": 0.09999999999999995,
            "min": 0.09999999999999995,
            "max": 0.09999999999999995,
            "count": 1
        },
        "EnemyAgent.Policy.Epsilon.sum": {
            "value": 8.699999999999996,
            "min": 8.699999999999996,
            "max": 8.699999999999996,
            "count": 1
        },
        "EnemyAgent.Policy.Beta.mean": {
            "value": 8.482493924137928e-05,
            "min": 8.482493924137928e-05,
            "max": 8.482493924137928e-05,
            "count": 1
        },
        "EnemyAgent.Policy.Beta.sum": {
            "value": 0.007379769713999998,
            "min": 0.007379769713999998,
            "max": 0.007379769713999998,
            "count": 1
        },
        "EnemyAgent.IsTraining.mean": {
            "value": 1.0,
            "min": 1.0,
            "max": 1.0,
            "count": 1
        },
        "EnemyAgent.IsTraining.sum": {
            "value": 1.0,
            "min": 1.0,
            "max": 1.0,
            "count": 1
        }
    },
    "metadata": {
        "timer_format_version": "0.1.0",
        "start_time_seconds": "1718618616",
        "python_version": "3.9.13 (tags/v3.9.13:6de2ca5, May 17 2022, 16:36:42) [MSC v.1929 64 bit (AMD64)]",
        "command_line_arguments": "E:\\Project-Skripsi\\Andria\\venv\\Scripts\\mlagents-learn andria-ml-config-fix2.yaml --resume --env=Andria-1-Env --run-id=Andria-Element2",
        "mlagents_version": "0.30.0",
        "mlagents_envs_version": "0.30.0",
        "communication_protocol_version": "1.5.0",
        "pytorch_version": "2.2.1+cpu",
        "numpy_version": "1.21.2",
        "end_time_seconds": "1718622416"
    },
    "total": 3799.8593856,
    "count": 1,
    "self": 3.359920900000361,
    "children": {
        "run_training.setup": {
            "total": 0.38610140000000115,
            "count": 1,
            "self": 0.38610140000000115
        },
        "TrainerController.start_learning": {
            "total": 3796.1133633,
            "count": 1,
            "self": 8.02826799996501,
            "children": {
                "TrainerController._reset_env": {
                    "total": 24.662528899999998,
                    "count": 1,
                    "self": 24.662528899999998
                },
                "TrainerController.advance": {
                    "total": 3763.086421000035,
                    "count": 240097,
                    "self": 7.2370824001195615,
                    "children": {
                        "env_step": {
                            "total": 3209.688328899899,
                            "count": 240097,
                            "self": 2070.6878472000944,
                            "children": {
                                "SubprocessEnvManager._take_step": {
                                    "total": 1133.3901747998686,
                                    "count": 240097,
                                    "self": 26.596357299865986,
                                    "children": {
                                        "TorchPolicy.evaluate": {
                                            "total": 1106.7938175000027,
                                            "count": 225535,
                                            "self": 1106.7938175000027
                                        }
                                    }
                                },
                                "workers": {
                                    "total": 5.610306899935601,
                                    "count": 240097,
                                    "self": 0.0,
                                    "children": {
                                        "worker_root": {
                                            "total": 3756.542158300001,
                                            "count": 240097,
                                            "is_parallel": true,
                                            "self": 2159.4818696999673,
                                            "children": {
                                                "steps_from_proto": {
                                                    "total": 0.07346699999999728,
                                                    "count": 1,
                                                    "is_parallel": true,