{
    "name": "root",
    "gauges": {
        "EnemyAgent.Policy.Entropy.mean": {
            "value": 4.07553768157959,
            "min": 4.07553768157959,
            "max": 4.07553768157959,
            "count": 1
        },
        "EnemyAgent.Policy.Entropy.sum": {
            "value": 203829.875,
            "min": 203829.875,
            "max": 203829.875,
            "count": 1
        },
        "EnemyAgent.Environment.EpisodeLength.mean": {
            "value": 0.0,
            "min": 0.0,
            "max": 0.0,
            "count": 1
        },
        "EnemyAgent.Environment.EpisodeLength.sum": {
            "value": 0.0,
            "min": 0.0,
            "max": 0.0,
            "count": 1
        },
        "EnemyAgent.Step.mean": {
            "value": 49999.0,
            "min": 49999.0,
            "max": 49999.0,
            "count": 1
        },
        "EnemyAgent.Step.sum": {
            "value": 49999.0,
            "min": 49999.0,
            "max": 49999.0,
            "count": 1
        },
        "EnemyAgent.Policy.ExtrinsicValueEstimate.mean": {
            "value": 0.036937613040208817,
            "min": 0.036937613040208817,
            "max": 0.036937613040208817,
            "count": 1
        },
        "EnemyAgent.Policy.ExtrinsicValueEstimate.sum": {
            "value": 1846.84375,
            "min": 1846.84375,
            "max": 1846.84375,
            "count": 1
        },
        "EnemyAgent.Environment.CumulativeReward.mean": {
            "value": 0.03491269830436181,
            "min": 0.03491269830436181,
            "max": 0.03491269830436181,
            "count": 1
        },
        "EnemyAgent.Environment.CumulativeReward.sum": {
            "value": 1745.6000025197864,
            "min": 1745.6000025197864,
            "max": 1745.6000025197864,
            "count": 1
        },
        "EnemyAgent.Policy.ExtrinsicReward.mean": {
            "value": 0.03491269830436181,
            "min": 0.03491269830436181,
            "max": 0.03491269830436181,
            "count": 1
        },
        "EnemyAgent.Policy.ExtrinsicReward.sum": {
            "value": 1745.6000025197864,
            "min": 1745.6000025197864,
            "max": 1745.6000025197864,
            "count": 1
        },
        "EnemyAgent.Losses.PolicyLoss.mean": {
            "value": 0.04745603813333441,
            "min": 0.04745603813333441,
            "max": 0.04745603813333441,
            "count": 1
        },
        "EnemyAgent.Losses.PolicyLoss.sum": {
            "value": 0.9016647245333539,
            "min": 0.9016647245333539,
            "max": 0.9016647245333539,
            "count": 1
        },
        "EnemyAgent.Losses.ValueLoss.mean": {
            "value": 0.0297046695031193,
            "min": 0.0297046695031193,
            "max": 0.0297046695031193,
            "count": 1
        },
        "EnemyAgent.Losses.ValueLoss.sum": {
            "value": 0.5643887205592667,
            "min": 0.5643887205592667,
            "max": 0.5643887205592667,
            "count": 1
        },
        "EnemyAgent.Policy.LearningRate.mean": {
            "value": 0.00028458272092856844,
            "min": 0.00028458272092856844,
            "max": 0.00028458272092856844,
            "count": 1
        },
        "EnemyAgent.Policy.LearningRate.sum": {
            "value": 0.005407071697642801,
            "min": 0.005407071697642801,
            "max": 0.005407071697642801,
            "count": 1
        },
        "EnemyAgent.Policy.Epsilon.mean": {
            "value": 0.19486090526315789,
            "min": 0.19486090526315789,
            "max": 0.19486090526315789,
            "count": 1
        },
        "EnemyAgent.Policy.Epsilon.sum": {
            "value": 3.7023572,
            "min": 3.7023572,
            "max": 3.7023572,
            "count": 1
        },
        "EnemyAgent.Policy.Beta.mean": {
            "value": 0.009486604435789475,
            "min": 0.009486604435789475,
            "max": 0.009486604435789475,
            "count": 1
        },
        "EnemyAgent.Policy.Beta.sum": {
            "value": 0.18024548428,
            "min": 0.18024548428,
            "max": 0.18024548428,
            "count": 1
        },
        "EnemyAgent.IsTraining.mean": {
            "value": 1.0,
            "min": 1.0,
            "max": 1.0,
            "count": 1
        },
        "EnemyAgent.IsTraining.sum": {
            "value": 1.0,
            "min": 1.0,
            "max": 1.0,
            "count": 1
        }
    },
    "metadata": {
        "timer_format_version": "0.1.0",
        "start_time_seconds": "1717386658",
        "python_version": "3.9.13 (tags/v3.9.13:6de2ca5, May 17 2022, 16:36:42) [MSC v.1929 64 bit (AMD64)]",
        "command_line_arguments": "E:\\Project-Skripsi\\Andria\\venv\\Scripts\\mlagents-learn andria-ml-config-20-timescale.yaml --run-id=mlagentelementnewmulti21",
        "mlagents_version": "0.30.0",
        "mlagents_envs_version": "0.30.0",
        "communication_protocol_version": "1.5.0",
        "pytorch_version": "2.2.1+cpu",
        "numpy_version": "1.21.2",
        "end_time_seconds": "1717389754"
    },
    "total": 3096.2685571,
    "count": 1,
    "self": 0.24586080000017319,
    "children": {
        "run_training.setup": {
            "total": 0.7017062000000003,
            "count": 1,
            "self": 0.7017062000000003
        },
        "TrainerController.start_learning": {
            "total": 3095.3209901,
            "count": 1,
            "self": 0.7132734000151686,
            "children": {
                "TrainerController._reset_env": {
                    "total": 50.4624692,
                    "count": 1,
                    "self": 50.4624692
                },
                "TrainerController.advance": {
                    "total": 3037.5756695999844,
                    "count": 18290,
                    "self": 0.6304833999815855,
                    "children": {
                        "env_step": {
                            "total": 2850.789599700006,
                            "count": 18290,
                            "self": 2793.2122862000188,
                            "children": {
                                "SubprocessEnvManager._take_step": {
                                    "total": 57.12453369999079,
                                    "count": 18290,
                                    "self": 1.4782581000014972,
                                    "children": {
                                        "TorchPolicy.evaluate": {
                                            "total": 55.646275599989295,
                                            "count": 9145,
                                            "self": 55.646275599989295
                                        }
                                    }
                                },
                                "workers": {
                                    "total": 0.4527797999964207,
                                    "count": 18289,
                                    "self": 0.0,
                                    "children": {
                                        "worker_root": {
                                            "total": 2946.7698821999907,
                                            "count": 18289,
                                            "is_parallel": true,
                                            "self": 296.107080899983,
                                            "children": {
                                                "steps_from_proto": {
                                                    "total": 0.0008051000000008912,
                                                    "count": 1,
                                                    "is_parallel": true,
                                                    "self": 0.00043809999999666616,