{
    "name": "root",
    "metadata": {
        "timer_format_version": "0.1.0",
        "start_time_seconds": "1717919223",
        "python_version": "3.9.13 (tags/v3.9.13:6de2ca5, May 17 2022, 16:36:42) [MSC v.1929 64 bit (AMD64)]",
        "command_line_arguments": "E:\\Project-Skripsi\\Andria\\venv\\Scripts\\mlagents-learn andria-ml-config-100-timescale-1M-maxsteps.yaml --resume --run-id=mlagentelementfix6",
        "mlagents_version": "0.30.0",
        "mlagents_envs_version": "0.30.0",
        "communication_protocol_version": "1.5.0",
        "pytorch_version": "2.2.1+cpu",
        "numpy_version": "1.21.2",
        "end_time_seconds": "1717919287"
    },
    "total": 63.59812250000001,
    "count": 1,
    "self": 0.07211519999999894,
    "children": {
        "run_training.setup": {
            "total": 0.18906350000000005,
            "count": 1,
            "self": 0.18906350000000005
        },
        "TrainerController.start_learning": {
            "total": 63.33694380000001,
            "count": 1,
            "self": 0.06437760000002157,
            "children": {
                "TrainerController._reset_env": {
                    "total": 20.2885695,
                    "count": 1,
                    "self": 20.2885695
                },
                "TrainerController.advance": {
                    "total": 40.412422799999995,
                    "count": 2049,
                    "self": 0.0630286000001945,
                    "children": {
                        "env_step": {
                            "total": 39.86239439999987,
                            "count": 2049,
                            "self": 29.277329699999648,
                            "children": {
                                "SubprocessEnvManager._take_step": {
                                    "total": 10.543294100000107,
                                    "count": 2049,
                                    "self": 0.2261712000000493,
                                    "children": {
                                        "TorchPolicy.evaluate": {
                                            "total": 10.317122900000058,
                                            "count": 2048,
                                            "self": 10.317122900000058
                                        }
                                    }
                                },
                                "workers": {
                                    "total": 0.04177060000011679,
                                    "count": 2048,
                                    "self": 0.0,
                                    "children": {
                                        "worker_root": {
                                            "total": 46.7991548999998,
                                            "count": 2048,
                                            "is_parallel": true,
                                            "self": 21.452833499999663,
                                            "children": {
                                                "steps_from_proto": {
                                                    "total": 0.06477109999999975,
                                                    "count": 1,
                                                    "is_parallel": true,
                                                    "self": 0.011150499999999397,
                                                    "children": {
                                                        "_process_rank_one_or_two_observation": {
                                                            "total": 0.05362060000000035,
                                                            "count": 2,
                                                            "is_parallel": true,
                                                            "self": 0.05362060000000035
                                                        }
                                                    }
                                                },
                                                "UnityEnvironment.step": {
                                                    "total": 25.281550300000138,
                                                    "count": 2048,
                                                    "is_parallel": true,
                                                    "self": 0.29947379999995505,
                                                    "children": {
                                                        "UnityEnvironment._generate_step_input": {
                                                            "total": 0.28690440000012885,
                                                            "count": 2048,
                                                            "is_parallel": true,
                                                            "self": 0.28690440000012885
                                                        },
                                                        "communicator.exchange": {
                                                            "total": 23.6932370000001,
                                                            "count": 2048,
                                                            "is_parallel": true,
                                                            "self": 23.6932370000001
                                                        },
                                                        "steps_from_proto": {
                                                            "total": 1.0019350999999546,
                                                            "count": 2048,
                                                            "is_parallel": true,
                                                            "self": 0.6182399999999149,
                                                            "children": {
                                                                "_process_rank_one_or_two_observation": {
                                                                    "total": 0.3836951000000397,
                                                                    "count": 4096,
                                                                    "is_parallel": true,
                                                                    "self": 0.3836951000000397
                                                                }
                                                            }
                                                        }
                                                    }
                                                }
                                            }
                                        }
                                    }
                                }
                            }
                        },
                        "trainer_advance": {
                            "total": 0.4869997999999285,
                            "count": 2048,
                            "self": 0.08449409999989754,
                            "children": {
                                "process_trajectory": {
                                    "total": 0.40250570000003094,
                                    "count": 2048,
                                    "self": 0.40250570000003094
                                }
                            }
                        }
                    }
                },
                "trainer_threads": {
                    "total": 4.599999996912629e-06,
                    "count": 1,
                    "self": 4.599999996912629e-06
                },
                "TrainerController._save_models": {
                    "total": 2.571569299999993,
                    "count": 1,
                    "self": 0.017026799999996456,