{
    "name": "root",
    "gauges": {
        "EnemyAgent.Policy.Entropy.mean": {
            "value": 3.881706476211548,
            "min": 3.872893810272217,
            "max": 3.881706476211548,
            "count": 2
        },
        "EnemyAgent.Policy.Entropy.sum": {
            "value": 38739.4296875,
            "min": 24329.51953125,
            "max": 38739.4296875,
            "count": 2
        },
        "EnemyAgent.Environment.EpisodeLength.mean": {
            "value": 16.236614853195164,
            "min": 16.11716621253406,
            "max": 16.236614853195164,
            "count": 2
        },
        "EnemyAgent.Environment.EpisodeLength.sum": {
            "value": 9401.0,
            "min": 5915.0,
            "max": 9401.0,
            "count": 2
        },
        "EnemyAgent.Step.mean": {
            "value": 329977.0,
            "min": 319988.0,
            "max": 329977.0,
            "count": 2
        },
        "EnemyAgent.Step.sum": {
            "value": 329977.0,
            "min": 319988.0,
            "max": 329977.0,
            "count": 2
        },
        "EnemyAgent.Policy.ExtrinsicValueEstimate.mean": {
            "value": 0.8253588080406189,
            "min": 0.8253588080406189,
            "max": 0.8612115383148193,
            "count": 2
        },
        "EnemyAgent.Policy.ExtrinsicValueEstimate.sum": {
            "value": 477.88275146484375,
            "min": 315.20343017578125,
            "max": 477.88275146484375,
            "count": 2
        },
        "EnemyAgent.Environment.CumulativeReward.mean": {
            "value": 1.3491364375387345,
            "min": 1.3228142035035977,
            "max": 1.3491364375387345,
            "count": 2
        },
        "EnemyAgent.Environment.CumulativeReward.sum": {
            "value": 781.1499973349273,
            "min": 484.14999848231673,
            "max": 781.1499973349273,
            "count": 2
        },
        "EnemyAgent.Policy.ExtrinsicReward.mean": {
            "value": 1.3491364375387345,
            "min": 1.3228142035035977,
            "max": 1.3491364375387345,
            "count": 2
        },
        "EnemyAgent.Policy.ExtrinsicReward.sum": {
            "value": 781.1499973349273,
            "min": 484.14999848231673,
            "max": 781.1499973349273,
            "count": 2
        },
        "EnemyAgent.Losses.PolicyLoss.mean": {
            "value": 0.03319661878660554,
            "min": 0.03162988716503605,
            "max": 0.03319661878660554,
            "count": 2
        },
        "EnemyAgent.Losses.PolicyLoss.sum": {
            "value": 0.06639323757321108,
            "min": 0.03162988716503605,
            "max": 0.06639323757321108,
            "count": 2
        },
        "EnemyAgent.Losses.ValueLoss.mean": {
            "value": 0.1888452699035406,
            "min": 0.1888452699035406,
            "max": 0.2604985508322716,
            "count": 2
        },
        "EnemyAgent.Losses.ValueLoss.sum": {
            "value": 0.3776905398070812,
            "min": 0.2604985508322716,
            "max": 0.3776905398070812,
            "count": 2
        },
        "EnemyAgent.Policy.LearningRate.mean": {
            "value": 6.734188265815e-05,
            "min": 6.734188265815e-05,
            "max": 6.811343188660001e-05,
            "count": 2
        },
        "EnemyAgent.Policy.LearningRate.sum": {
            "value": 0.0001346837653163,
            "min": 6.811343188660001e-05,
            "max": 0.0001346837653163,
            "count": 2
        },
        "EnemyAgent.Policy.Epsilon.mean": {
            "value": 0.16734185000000001,
            "min": 0.16734185000000001,
            "max": 0.16811339999999997,
            "count": 2
        },
        "EnemyAgent.Policy.Epsilon.sum": {
            "value": 0.33468370000000003,
            "min": 0.16811339999999997,
            "max": 0.33468370000000003,
            "count": 2
        },
        "EnemyAgent.Policy.Beta.mean": {
            "value": 0.0067374508150000005,
            "min": 0.0067374508150000005,
            "max": 0.00681452866,
            "count": 2
        },
        "EnemyAgent.Policy.Beta.sum": {
            "value": 0.013474901630000001,
            "min": 0.00681452866,
            "max": 0.013474901630000001,
            "count": 2
        },
        "EnemyAgent.IsTraining.mean": {
            "value": 1.0,
            "min": 1.0,
            "max": 1.0,
            "count": 2
        },
        "EnemyAgent.IsTraining.sum": {
            "value": 1.0,
            "min": 1.0,
            "max": 1.0,
            "count": 2
        }
    },
    "metadata": {
        "timer_format_version": "0.1.0",
        "start_time_seconds": "1717733797",
        "python_version": "3.9.13 (tags/v3.9.13:6de2ca5, May 17 2022, 16:36:42) [MSC v.1929 64 bit (AMD64)]",
        "command_line_arguments": "E:\\Project-Skripsi\\Andria\\venv\\Scripts\\mlagents-learn andria-ml-config2.yaml --resume --run-id=mlagentelementnewparams",
        "mlagents_version": "0.30.0",
        "mlagents_envs_version": "0.30.0",
        "communication_protocol_version": "1.5.0",
        "pytorch_version": "2.2.1+cpu",
        "numpy_version": "1.21.2",
        "end_time_seconds": "1717734821"
    },
    "total": 1024.1271006000002,
    "count": 1,
    "self": 0.09048750000010841,
    "children": {
        "run_training.setup": {
            "total": 0.4011380000000031,
            "count": 1,
            "self": 0.4011380000000031
        },
        "TrainerController.start_learning": {
            "total": 1023.6354751,
            "count": 1,
            "self": 0.7667058999919618,
            "children": {
                "TrainerController._reset_env": {
                    "total": 62.9913598,
                    "count": 1,
                    "self": 62.9913598
                },
                "TrainerController.advance": {
                    "total": 953.0943532000082,
                    "count": 24340,
                    "self": 0.6796375999959992,
                    "children": {
                        "env_step": {
                            "total": 928.8531705000003,
                            "count": 24340,
                            "self": 824.3150137999918,
                            "children": {
                                "SubprocessEnvManager._take_step": {
                                    "total": 104.01667840000522,
                                    "count": 24340,
                                    "self": 2.3653734000062627,
                                    "children": {
                                        "TorchPolicy.evaluate": {
                                            "total": 101.65130499999896,
                                            "count": 23011,
                                            "self": 101.65130499999896
                                        }
                                    }
                                },
                                "workers": {
                                    "total": 0.5214783000032526,
                                    "count": 24339,
                                    "self": 0.0,
                                    "children": {
                                        "worker_root": {
                                            "total": 959.5997343000062,
                                            "count": 24339,
                                            "is_parallel": true,
                                            "self": 179.88027880000539,
                                            "children": {
                                                "steps_from_proto": {
                                                    "total": 0.08294099999999816,
                                                    "count": 1,
                                                    "is_parallel": true,