{
    "name": "root",
    "metadata": {
        "timer_format_version": "0.1.0",
        "start_time_seconds": "1711901085",
        "python_version": "3.9.13 (tags/v3.9.13:6de2ca5, May 17 2022, 16:36:42) [MSC v.1929 64 bit (AMD64)]",
        "command_line_arguments": "E:\\Project-Skripsi\\Andria\\venv\\Scripts\\mlagents-learn --run-id=Test2 --time-scale=1",
        "mlagents_version": "0.30.0",
        "mlagents_envs_version": "0.30.0",
        "communication_protocol_version": "1.5.0",
        "pytorch_version": "2.2.1+cpu",
        "numpy_version": "1.21.2",
        "end_time_seconds": "1711901300"
    },
    "total": 214.649427,
    "count": 1,
    "self": 0.13431220000001076,
    "children": {
        "run_training.setup": {
            "total": 0.37626969999999815,
            "count": 1,
            "self": 0.37626969999999815
        },
        "TrainerController.start_learning": {
            "total": 214.1388451,
            "count": 1,
            "self": 0.0003873999999939315,
            "children": {
                "TrainerController._reset_env": {
                    "total": 71.2430987,
                    "count": 1,
                    "self": 71.2430987
                },
                "TrainerController.advance": {
                    "total": 140.8113069,
                    "count": 4,
                    "self": 0.00014220000002751476,
                    "children": {
                        "env_step": {
                            "total": 140.56406169999997,
                            "count": 4,
                            "self": 137.18308599999995,
                            "children": {
                                "SubprocessEnvManager._take_step": {
                                    "total": 3.3809168000000085,
                                    "count": 4,
                                    "self": 0.00036360000000001946,
                                    "children": {
                                        "TorchPolicy.evaluate": {
                                            "total": 3.3805532000000085,
                                            "count": 2,
                                            "self": 3.3805532000000085
                                        }
                                    }
                                },
                                "workers": {
                                    "total": 5.890000001329554e-05,
                                    "count": 3,
                                    "self": 0.0,
                                    "children": {
                                        "worker_root": {
                                            "total": 26.48620430000002,
                                            "count": 3,
                                            "is_parallel": true,
                                            "self": 21.44836760000001,
                                            "children": {
                                                "steps_from_proto": {
                                                    "total": 0.1926565999999994,
                                                    "count": 1,
                                                    "is_parallel": true,
                                                    "self": 0.02173850000000499,
                                                    "children": {
                                                        "_process_rank_one_or_two_observation": {
                                                            "total": 0.1709180999999944,
                                                            "count": 2,
                                                            "is_parallel": true,
                                                            "self": 0.1709180999999944
                                                        }
                                                    }
                                                },
                                                "UnityEnvironment.step": {
                                                    "total": 4.845180100000007,
                                                    "count": 3,
                                                    "is_parallel": true,
                                                    "self": 0.0004816999999803784,
                                                    "children": {
                                                        "UnityEnvironment._generate_step_input": {
                                                            "total": 0.0004327999999986787,
                                                            "count": 3,
                                                            "is_parallel": true,
                                                            "self": 0.0004327999999986787
                                                        },
                                                        "communicator.exchange": {
                                                            "total": 4.843110200000012,
                                                            "count": 3,
                                                            "is_parallel": true,
                                                            "self": 4.843110200000012
                                                        },
                                                        "steps_from_proto": {
                                                            "total": 0.0011554000000160158,
                                                            "count": 3,
                                                            "is_parallel": true,
                                                            "self": 0.0006100000000230921,
                                                            "children": {
                                                                "_process_rank_one_or_two_observation": {
                                                                    "total": 0.0005453999999929238,
                                                                    "count": 6,
                                                                    "is_parallel": true,
                                                                    "self": 0.0005453999999929238
                                                                }
                                                            }
                                                        }
                                                    }
                                                }
                                            }
                                        }
                                    }
                                }
                            }
                        },
                        "trainer_advance": {
                            "total": 0.24710300000000984,
                            "count": 3,
                            "self": 0.00015100000001666558,
                            "children": {
                                "process_trajectory": {
                                    "total": 0.24695199999999318,
                                    "count": 3,
                                    "self": 0.24695199999999318
                                }
                            }
                        }
                    }
                },
                "TrainerController._save_models": {
                    "total": 2.084052100000008,
                    "count": 1,
                    "self": 0.01321670000001518,
                    "children": {
                        "RLTrainer._checkpoint": {
                            "total": 2.070835399999993,
                            "count": 1,
                            "self": 2.070835399999993
                        }
                    }
                }
            }
        }
    }
}