{
    "name": "root",
    "metadata": {
        "timer_format_version": "0.1.0",
        "start_time_seconds": "1710470758",
        "python_version": "3.9.13 (tags/v3.9.13:6de2ca5, May 17 2022, 16:36:42) [MSC v.1929 64 bit (AMD64)]",
        "command_line_arguments": "E:\\Project-Skripsi\\Andria\\venv\\Scripts\\mlagents-learn --run-id=Test1 --time-scale=1",
        "mlagents_version": "0.30.0",
        "mlagents_envs_version": "0.30.0",
        "communication_protocol_version": "1.5.0",
        "pytorch_version": "2.2.1+cpu",
        "numpy_version": "1.21.2",
        "end_time_seconds": "1710470829"
    },
    "total": 70.89138600000001,
    "count": 1,
    "self": 10.09722510000001,
    "children": {
        "run_training.setup": {
            "total": 0.37950839999999886,
            "count": 1,
            "self": 0.37950839999999886
        },
        "TrainerController.start_learning": {
            "total": 60.4146525,
            "count": 1,
            "self": 0.001162800000003017,
            "children": {
                "TrainerController._reset_env": {
                    "total": 26.9966296,
                    "count": 1,
                    "self": 26.9966296
                },
                "TrainerController.advance": {
                    "total": 30.250042900000004,
                    "count": 13,
                    "self": 0.00036270000001081826,
                    "children": {
                        "env_step": {
                            "total": 29.894136899999985,
                            "count": 13,
                            "self": 26.67115329999998,
                            "children": {
                                "SubprocessEnvManager._take_step": {
                                    "total": 3.2227271000000073,
                                    "count": 13,
                                    "self": 0.0008206000000186009,
                                    "children": {
                                        "TorchPolicy.evaluate": {
                                            "total": 3.2219064999999887,
                                            "count": 7,
                                            "self": 3.2219064999999887
                                        }
                                    }
                                },
                                "workers": {
                                    "total": 0.00025649999999899364,
                                    "count": 12,
                                    "self": 0.0,
                                    "children": {
                                        "worker_root": {
                                            "total": 23.1441471,
                                            "count": 12,
                                            "is_parallel": true,
                                            "self": 18.3258883,
                                            "children": {
                                                "steps_from_proto": {
                                                    "total": 0.0738619000000007,
                                                    "count": 1,
                                                    "is_parallel": true,
                                                    "self": 0.003844600000000753,
                                                    "children": {
                                                        "_process_rank_one_or_two_observation": {
                                                            "total": 0.07001729999999995,
                                                            "count": 2,
                                                            "is_parallel": true,
                                                            "self": 0.07001729999999995
                                                        }
                                                    }
                                                },
                                                "UnityEnvironment.step": {
                                                    "total": 4.744396900000002,
                                                    "count": 12,
                                                    "is_parallel": true,
                                                    "self": 0.002190200000040221,
                                                    "children": {
                                                        "UnityEnvironment._generate_step_input": {
                                                            "total": 0.0015241999999915379,
                                                            "count": 12,
                                                            "is_parallel": true,
                                                            "self": 0.0015241999999915379
                                                        },
                                                        "communicator.exchange": {
                                                            "total": 4.7360356999999915,
                                                            "count": 12,
                                                            "is_parallel": true,
                                                            "self": 4.7360356999999915
                                                        },
                                                        "steps_from_proto": {
                                                            "total": 0.004646799999978413,
                                                            "count": 12,
                                                            "is_parallel": true,
                                                            "self": 0.0025524999999859688,
                                                            "children": {
                                                                "_process_rank_one_or_two_observation": {
                                                                    "total": 0.002094299999992444,
                                                                    "count": 24,
                                                                    "is_parallel": true,
                                                                    "self": 0.002094299999992444
                                                                }
                                                            }
                                                        }
                                                    }
                                                }
                                            }
                                        }
                                    }
                                }
                            }
                        },
                        "trainer_advance": {
                            "total": 0.3555433000000079,
                            "count": 12,
                            "self": 0.00043049999999311694,
                            "children": {
                                "process_trajectory": {
                                    "total": 0.35511280000001477,
                                    "count": 12,
                                    "self": 0.35511280000001477
                                }
                            }
                        }
                    }
                },
                "trainer_threads": {
                    "total": 1.099999991538425e-06,
                    "count": 1,
                    "self": 1.099999991538425e-06
                },
                "TrainerController._save_models": {
                    "total": 3.1668161000000055,
                    "count": 1,
                    "self": 0.024828300000010017,
                    "children": {
                        "RLTrainer._checkpoint": {
                            "total": 3.1419877999999954,