{
    "name": "root",
    "gauges": {
        "EnemyAgent.Policy.Entropy.mean": {
            "value": 2.079411029815674,
            "min": 2.0793769359588623,
            "max": 2.079435348510742,
            "count": 20
        },
        "EnemyAgent.Policy.Entropy.sum": {
            "value": 10.397055625915527,
            "min": 10.39688491821289,
            "max": 10.397176742553711,
            "count": 20
        },
        "EnemyAgent.Environment.EpisodeLength.mean": {
            "value": 0.0,
            "min": 0.0,
            "max": 0.0,
            "count": 20
        },
        "EnemyAgent.Environment.EpisodeLength.sum": {
            "value": 0.0,
            "min": 0.0,
            "max": 0.0,
            "count": 20
        },
        "EnemyAgent.Step.mean": {
            "value": 99.0,
            "min": 4.0,
            "max": 99.0,
            "count": 20
        },
        "EnemyAgent.Step.sum": {
            "value": 99.0,
            "min": 4.0,
            "max": 99.0,
            "count": 20
        },
        "EnemyAgent.Policy.ExtrinsicValueEstimate.mean": {
            "value": -0.09945561736822128,
            "min": -0.1771094650030136,
            "max": -0.01725739613175392,
            "count": 20
        },
        "EnemyAgent.Policy.ExtrinsicValueEstimate.sum": {
            "value": -0.497278094291687,
            "min": -0.8564693331718445,
            "max": -0.0862869843840599,
            "count": 20
        },
        "EnemyAgent.Environment.CumulativeReward.mean": {
            "value": 0.6400000005960464,
            "min": -0.724999999627471,
            "max": 1.0,
            "count": 20
        },
        "EnemyAgent.Environment.CumulativeReward.sum": {
            "value": 3.2000000029802322,
            "min": -2.899999998509884,
            "max": 5.0,
            "count": 20
        },
        "EnemyAgent.Policy.ExtrinsicReward.mean": {
            "value": 0.6400000005960464,
            "min": -0.724999999627471,
            "max": 1.0,
            "count": 20
        },
        "EnemyAgent.Policy.ExtrinsicReward.sum": {
            "value": 3.2000000029802322,
            "min": -2.899999998509884,
            "max": 5.0,
            "count": 20
        },
        "EnemyAgent.IsTraining.mean": {
            "value": 1.0,
            "min": 1.0,
            "max": 1.0,
            "count": 20
        },
        "EnemyAgent.IsTraining.sum": {
            "value": 1.0,
            "min": 1.0,
            "max": 1.0,
            "count": 20
        }
    },
    "metadata": {
        "timer_format_version": "0.1.0",
        "start_time_seconds": "1715242654",
        "python_version": "3.9.13 (tags/v3.9.13:6de2ca5, May 17 2022, 16:36:42) [MSC v.1929 64 bit (AMD64)]",
        "command_line_arguments": "E:\\Project-Skripsi\\Andria\\venv\\Scripts\\mlagents-learn andria-ml-config.yaml --run-id=mlagentnonelement --time-scale=1",
        "mlagents_version": "0.30.0",
        "mlagents_envs_version": "0.30.0",
        "communication_protocol_version": "1.5.0",
        "pytorch_version": "2.2.1+cpu",
        "numpy_version": "1.21.2",
        "end_time_seconds": "1715243298"
    },
    "total": 644.4441125,
    "count": 1,
    "self": 0.3550767999998925,
    "children": {
        "run_training.setup": {
            "total": 2.148014599999996,
            "count": 1,
            "self": 2.148014599999996
        },
        "TrainerController.start_learning": {
            "total": 641.9410211000001,
            "count": 1,
            "self": 0.009233599999902253,
            "children": {
                "TrainerController._reset_env": {
                    "total": 91.07162720000001,
                    "count": 1,
                    "self": 91.07162720000001
                },
                "TrainerController.advance": {
                    "total": 550.7081764000002,
                    "count": 201,
                    "self": 0.007636699999920893,
                    "children": {
                        "env_step": {
                            "total": 539.2061378,
                            "count": 201,
                            "self": 535.9568886000002,
                            "children": {
                                "SubprocessEnvManager._take_step": {
                                    "total": 3.2433850000001883,
                                    "count": 201,
                                    "self": 0.01381459999981871,
                                    "children": {
                                        "TorchPolicy.evaluate": {
                                            "total": 3.2295704000003695,
                                            "count": 101,
                                            "self": 3.2295704000003695
                                        }
                                    }
                                },
                                "workers": {
                                    "total": 0.005864199999592756,
                                    "count": 201,
                                    "self": 0.0,
                                    "children": {
                                        "worker_root": {
                                            "total": 570.8340042999997,
                                            "count": 201,
                                            "is_parallel": true,
                                            "self": 35.24712629999908,
                                            "children": {
                                                "steps_from_proto": {
                                                    "total": 0.1346754000000061,
                                                    "count": 1,
                                                    "is_parallel": true,
                                                    "self": 0.015563299999996616,
                                                    "children": {
                                                        "_process_rank_one_or_two_observation": {
                                                            "total": 0.11911210000000949,
                                                            "count": 2,
                                                            "is_parallel": true,
                                                            "self": 0.11911210000000949
                                                        }
                                                    }
                                                },
                                                "UnityEnvironment.step": {
                                                    "total": 535.4522026000006,
                                                    "count": 201,
                                                    "is_parallel": true,
                                                    "self": 0.043691100000955885,
                                                    "children": {
                                                        "UnityEnvironment._generate_step_input": {
                                                            "total": 0.024280000000260316,
                                                            "count": 201,
                                                            "is_parallel": true,
                                                            "self": 0.024280000000260316
                                                        },
                                                        "communicator.exchange": {
                                                            "total": 535.2716410999997,
                                                            "count": 201,
                                                            "is_parallel": true,
                                                            "self": 535.2716410999997
                                                        },