{
    "name": "root",
    "metadata": {
        "timer_format_version": "0.1.0",
        "start_time_seconds": "1712655038",
        "python_version": "3.9.13 (tags/v3.9.13:6de2ca5, May 17 2022, 16:36:42) [MSC v.1929 64 bit (AMD64)]",
        "command_line_arguments": "E:\\Project-Skripsi\\Andria\\venv\\Scripts\\mlagents-learn andria-ml-config.yaml --run-id=Test6 --time-scale=1",
        "mlagents_version": "0.30.0",
        "mlagents_envs_version": "0.30.0",
        "communication_protocol_version": "1.5.0",
        "pytorch_version": "2.2.1+cpu",
        "numpy_version": "1.21.2",
        "end_time_seconds": "1712656310"
    },
    "total": 1271.9616988999999,
    "count": 1,
    "self": 0.09449509999990369,
    "children": {
        "run_training.setup": {
            "total": 1.6626523000000049,
            "count": 1,
            "self": 1.6626523000000049
        },
        "TrainerController.start_learning": {
            "total": 1270.2045515,
            "count": 1,
            "self": 0.01750919999835787,
            "children": {
                "TrainerController._reset_env": {
                    "total": 110.53932490000001,
                    "count": 1,
                    "self": 110.53932490000001
                },
                "TrainerController.advance": {
                    "total": 1157.4242363000014,
                    "count": 488,
                    "self": 0.014161299999841503,
                    "children": {
                        "env_step": {
                            "total": 1156.7664319999988,
                            "count": 488,
                            "self": 1153.1831476999996,
                            "children": {
                                "SubprocessEnvManager._take_step": {
                                    "total": 3.5731581999996536,
                                    "count": 488,
                                    "self": 0.028108599999711714,
                                    "children": {
                                        "TorchPolicy.evaluate": {
                                            "total": 3.545049599999942,
                                            "count": 244,
                                            "self": 3.545049599999942
                                        }
                                    }
                                },
                                "workers": {
                                    "total": 0.010126099999411053,
                                    "count": 487,
                                    "self": 0.0,
                                    "children": {
                                        "worker_root": {
                                            "total": 1069.5567359000013,
                                            "count": 487,
                                            "is_parallel": true,
                                            "self": 22.138326199999938,
                                            "children": {
                                                "steps_from_proto": {
                                                    "total": 0.14708090000000595,
                                                    "count": 1,
                                                    "is_parallel": true,
                                                    "self": 0.005859100000009221,
                                                    "children": {
                                                        "_process_rank_one_or_two_observation": {
                                                            "total": 0.14122179999999673,
                                                            "count": 2,
                                                            "is_parallel": true,
                                                            "self": 0.14122179999999673
                                                        }
                                                    }
                                                },
                                                "UnityEnvironment.step": {
                                                    "total": 1047.2713288000014,
                                                    "count": 487,
                                                    "is_parallel": true,
                                                    "self": 0.09284220000404275,
                                                    "children": {
                                                        "UnityEnvironment._generate_step_input": {
                                                            "total": 0.051384599999678926,
                                                            "count": 487,
                                                            "is_parallel": true,
                                                            "self": 0.051384599999678926
                                                        },
                                                        "communicator.exchange": {
                                                            "total": 1046.890561199998,
                                                            "count": 487,
                                                            "is_parallel": true,
                                                            "self": 1046.890561199998
                                                        },
                                                        "steps_from_proto": {
                                                            "total": 0.23654079999967337,
                                                            "count": 487,
                                                            "is_parallel": true,
                                                            "self": 0.13009960000010778,
                                                            "children": {
                                                                "_process_rank_one_or_two_observation": {
                                                                    "total": 0.10644119999956558,
                                                                    "count": 974,
                                                                    "is_parallel": true,
                                                                    "self": 0.10644119999956558
                                                                }
                                                            }
                                                        }
                                                    }
                                                }
                                            }
                                        }
                                    }
                                }
                            }
                        },
                        "trainer_advance": {
                            "total": 0.6436430000028679,
                            "count": 487,
                            "self": 0.016755600003165227,
                            "children": {
                                "process_trajectory": {
                                    "total": 0.6268873999997027,
                                    "count": 487,
                                    "self": 0.6268873999997027
                                }
                            }
                        }
                    }
                },
                "TrainerController._save_models": {
                    "total": 2.223481100000072,
                    "count": 1,
                    "self": 0.021776100000124643,
                    "children": {
                        "RLTrainer._checkpoint": {
                            "total": 2.201704999999947,
                            "count": 1,