{
    "name": "root",
    "metadata": {
        "timer_format_version": "0.1.0",
        "start_time_seconds": "1717841655",
        "python_version": "3.9.13 (tags/v3.9.13:6de2ca5, May 17 2022, 16:36:42) [MSC v.1929 64 bit (AMD64)]",
        "command_line_arguments": "E:\\Project-Skripsi\\Andria\\venv\\Scripts\\mlagents-learn andria-ml-config2.yaml --run-id=mlagentelementnewparamsmultienv3",
        "mlagents_version": "0.30.0",
        "mlagents_envs_version": "0.30.0",
        "communication_protocol_version": "1.5.0",
        "pytorch_version": "2.2.1+cpu",
        "numpy_version": "1.21.2",
        "end_time_seconds": "1717842034"
    },
    "total": 378.24970909999996,
    "count": 1,
    "self": 0.0858979000000204,
    "children": {
        "run_training.setup": {
            "total": 0.6117485000000045,
            "count": 1,
            "self": 0.6117485000000045
        },
        "TrainerController.start_learning": {
            "total": 377.55206269999996,
            "count": 1,
            "self": 0.020731000000125732,
            "children": {
                "TrainerController._reset_env": {
                    "total": 56.4285283,
                    "count": 1,
                    "self": 56.4285283
                },
                "TrainerController.advance": {
                    "total": 316.7734035999999,
                    "count": 452,
                    "self": 0.01777149999975336,
                    "children": {
                        "env_step": {
                            "total": 315.48668800000013,
                            "count": 452,
                            "self": 311.45474520000005,
                            "children": {
                                "SubprocessEnvManager._take_step": {
                                    "total": 4.022153799999856,
                                    "count": 452,
                                    "self": 0.059525399999813544,
                                    "children": {
                                        "TorchPolicy.evaluate": {
                                            "total": 3.9626284000000425,
                                            "count": 445,
                                            "self": 3.9626284000000425
                                        }
                                    }
                                },
                                "workers": {
                                    "total": 0.009789000000225201,
                                    "count": 451,
                                    "self": 0.0,
                                    "children": {
                                        "worker_root": {
                                            "total": 319.58871110000007,
                                            "count": 451,
                                            "is_parallel": true,
                                            "self": 15.593507300000283,
                                            "children": {
                                                "steps_from_proto": {
                                                    "total": 0.09024300000000096,
                                                    "count": 1,
                                                    "is_parallel": true,
                                                    "self": 0.004202699999993342,
                                                    "children": {
                                                        "_process_rank_one_or_two_observation": {
                                                            "total": 0.08604030000000762,
                                                            "count": 2,
                                                            "is_parallel": true,
                                                            "self": 0.08604030000000762
                                                        }
                                                    }
                                                },
                                                "UnityEnvironment.step": {
                                                    "total": 303.9049607999998,
                                                    "count": 451,
                                                    "is_parallel": true,
                                                    "self": 0.086865399999283,
                                                    "children": {
                                                        "UnityEnvironment._generate_step_input": {
                                                            "total": 0.11989219999988876,
                                                            "count": 451,
                                                            "is_parallel": true,
                                                            "self": 0.11989219999988876
                                                        },
                                                        "communicator.exchange": {
                                                            "total": 303.40814280000035,
                                                            "count": 451,
                                                            "is_parallel": true,
                                                            "self": 303.40814280000035
                                                        },
                                                        "steps_from_proto": {
                                                            "total": 0.29006040000027866,
                                                            "count": 451,
                                                            "is_parallel": true,
                                                            "self": 0.1691438000001355,
                                                            "children": {
                                                                "_process_rank_one_or_two_observation": {
                                                                    "total": 0.12091660000014315,
                                                                    "count": 902,
                                                                    "is_parallel": true,
                                                                    "self": 0.12091660000014315
                                                                }
                                                            }
                                                        }
                                                    }
                                                }
                                            }
                                        }
                                    }
                                }
                            }
                        },
                        "trainer_advance": {
                            "total": 1.2689440999999988,
                            "count": 451,
                            "self": 0.023290100000494363,
                            "children": {
                                "process_trajectory": {
                                    "total": 1.2456539999995044,
                                    "count": 451,
                                    "self": 1.2456539999995044
                                }
                            }
                        }
                    }
                },
                "trainer_threads": {
                    "total": 2.4999999936881068e-06,
                    "count": 1,
                    "self": 2.4999999936881068e-06
                },
                "TrainerController._save_models": {
                    "total": 4.329397299999982,
                    "count": 1,
                    "self": 0.03379929999999831,